,open,high,low,close,adjusted_close,volume,dividend_amount,split_coefficient
2023-02-07,260.53,268.775,260.08,267.56,267.56,50841365,0.0,1.0
2023-02-06,257.44,258.3,254.78,256.77,256.77,22517997,0.0,1.0
2023-02-03,259.542,264.2,257.1,258.35,258.35,29077256,0.0,1.0
2023-02-02,258.82,264.69,257.25,264.6,264.6,39940437,0.0,1.0
2023-02-01,248.0,255.18,245.47,252.75,252.75,31259912,0.0,1.0
2023-01-31,243.45,247.95,242.945,247.81,247.81,26541072,0.0,1.0
2023-01-30,244.51,245.6,242.2,242.71,242.71,25867365,0.0,1.0
2023-01-27,248.99,249.83,246.83,248.16,248.16,26498939,0.0,1.0
2023-01-26,243.65,248.31,242.0,248.0,248.0,33454491,0.0,1.0
2023-01-25,234.48,243.3,230.9,240.61,240.61,66526641,0.0,1.0
2023-01-24,242.5,243.95,240.44,242.04,242.04,40234444,0.0,1.0
2023-01-23,241.1,245.165,239.65,242.58,242.58,31933951,0.0,1.0
2023-01-20,234.855,240.74,234.51,240.22,240.22,35389809,0.0,1.0
2023-01-19,233.78,235.52,230.68,231.93,231.93,28623033,0.0,1.0
2023-01-18,241.565,242.38,235.52,235.81,235.81,30028692,0.0,1.0
2023-01-17,237.97,240.91,237.09,240.35,240.35,29831257,0.0,1.0
2023-01-13,237.002,239.37,234.92,239.23,239.23,21333265,0.0,1.0
2023-01-12,235.26,239.9,233.56,238.51,238.51,27269486,0.0,1.0
2023-01-11,231.29,235.95,231.11,235.77,235.77,28669331,0.0,1.0
2023-01-10,227.755,231.31,227.33,228.85,228.85,27033881,0.0,1.0
2023-01-09,226.45,231.2366,226.41,227.12,227.12,27369784,0.0,1.0
2023-01-06,223.0,225.7601,219.35,224.93,224.93,43613574,0.0,1.0
2023-01-05,227.2,227.55,221.7602,222.31,222.31,39585623,0.0,1.0
2023-01-04,232.275,232.87,225.96,229.1,229.1,50623394,0.0,1.0
2023-01-03,243.08,245.75,237.4,239.58,239.58,25740036,0.0,1.0
2022-12-30,238.21,239.96,236.66,239.82,239.82,21938472,0.0,1.0
2022-12-29,235.65,241.92,235.65,241.01,241.01,19770693,0.0,1.0
2022-12-28,236.89,239.72,234.17,234.53,234.53,17457104,0.0,1.0
2022-12-27,238.7,238.93,235.83,236.96,236.96,16688648,0.0,1.0
2022-12-23,236.11,238.87,233.9428,238.73,238.73,21206982,0.0,1.0
2022-12-22,241.255,241.99,233.87,238.19,238.19,28651664,0.0,1.0
2022-12-21,241.69,245.615,240.11,244.43,244.43,23690607,0.0,1.0
2022-12-20,239.4,242.91,238.42,241.8,241.8,25150802,0.0,1.0
2022-12-19,244.86,245.21,238.71,240.45,240.45,29696436,0.0,1.0
2022-12-16,248.55,249.84,243.51,244.69,244.69,86101994,0.0,1.0
2022-12-15,253.72,254.2,247.34,249.01,249.01,35568093,0.0,1.0
2022-12-14,257.13,262.588,254.31,257.22,257.22,35410933,0.0,1.0
2022-12-13,261.69,263.915,253.07,256.92,256.92,42196884,0.0,1.0
2022-12-12,247.445,252.54,247.17,252.51,252.51,30665069,0.0,1.0
2022-12-09,244.695,248.31,244.16,245.42,245.42,20609743,0.0,1.0
2022-12-08,244.84,248.74,243.06,247.4,247.4,22611757,0.0,1.0
2022-12-07,244.83,246.16,242.205,244.37,244.37,20481522,0.0,1.0
2022-12-06,250.82,251.86,243.78,245.12,245.12,22463727,0.0,1.0
2022-12-05,252.01,253.819,248.06,250.2,250.2,23435294,0.0,1.0
2022-12-02,249.82,256.06,249.69,255.02,255.02,21528520,0.0,1.0
2022-12-01,253.87,256.12,250.9156,254.69,254.69,26041524,0.0,1.0
2022-11-30,240.57,255.33,239.86,255.14,255.14,47594239,0.0,1.0
2022-11-29,241.4,242.79,238.21,240.33,240.33,17956313,0.0,1.0
2022-11-28,246.08,246.65,240.8,241.76,241.76,24810271,0.0,1.0
2022-11-25,247.31,248.7,246.73,247.49,247.49,9200772,0.0,1.0
2022-11-23,245.105,248.28,244.27,247.58,247.58,19508462,0.0,1.0
2022-11-22,243.59,245.31,240.71,245.03,245.03,19665699,0.0,1.0
2022-11-21,241.43,244.67,241.19,242.05,242.05,26394700,0.0,1.0
2022-11-18,243.51,243.74,239.03,241.22,241.22,27613523,0.0,1.0
2022-11-17,237.78,243.25,237.63,241.68,241.68,23123544,0.0,1.0
2022-11-16,242.79,243.8,240.42,241.73,241.73,24093272,0.68,1.0
2022-11-15,245.66,247.0,240.03,241.97,241.291234272514,31390117,0.0,1.0
2022-11-14,241.985,243.91,239.21,241.55,240.872412441731,31123340,0.0,1.0
2022-11-11,242.99,247.99,241.93,247.11,246.416815725424,34620246,0.0,1.0
2022-11-10,235.43,243.33,235.0,242.98,242.298401056062,46268021,0.0,1.0
2022-11-09,227.37,228.6327,224.33,224.51,223.880212449981,27852910,0.0,1.0
2022-11-08,228.7,231.65,225.84,228.87,228.227981931438,28192548,0.0,1.0
2022-11-07,221.99,228.41,221.28,227.87,227.230787096242,33497979,0.0,1.0
2022-11-04,217.55,221.59,213.431,221.39,220.768964564168,36789063,0.0,1.0
2022-11-03,220.09,220.41,213.98,214.25,213.648993440865,36633922,0.0,1.0
2022-11-02,229.46,231.3,220.04,220.1,219.482583226765,38407008,0.0,1.0
2022-11-01,234.6,235.74,227.325,228.17,227.529945546801,30592271,0.0,1.0
2022-10-31,233.76,234.92,231.15,232.13,231.478837094179,28357265,0.0,1.0
2022-10-28,226.24,236.6,226.05,235.87,235.208345777814,40647724,0.0,1.0
2022-10-27,231.04,233.69,225.78,226.75,226.113928880822,40424645,0.0,1.0
2022-10-26,231.17,238.3,230.06,231.32,230.67110927767,82684846,0.0,1.0
2022-10-25,247.26,251.04,245.83,250.66,249.956857390372,34775505,0.0,1.0
2022-10-24,243.76,247.84,241.295,247.25,246.556423002351,24911212,0.0,1.0
2022-10-21,234.74,243.0,234.5,242.12,241.440813497793,26299733,0.0,1.0
2022-10-20,235.77,241.31,234.87,236.15,235.487560331669,21811015,0.0,1.0
2022-10-19,237.04,239.61,234.29,236.48,235.816634627284,19985698,0.0,1.0
2022-10-18,243.24,243.93,235.37,238.5,237.830968194381,26329591,0.0,1.0
2022-10-17,235.82,238.96,235.135,237.53,236.863689204241,28142268,0.0,1.0
2022-10-14,235.54,237.24,228.34,228.56,227.918851532528,30198588,0.0,1.0
2022-10-13,219.85,236.1,219.13,234.24,233.582918196444,42551818,0.0,1.0
2022-10-12,225.4,227.86,223.96,225.75,225.116734045625,21903937,0.0,1.0
2022-10-11,227.62,229.06,224.11,225.41,224.777687801658,30473954,0.0,1.0
2022-10-10,233.05,234.559,226.73,229.25,228.606915968813,29743608,0.0,1.0
2022-10-07,240.902,241.32,233.17,234.24,233.582918196444,37769602,0.0,1.0
2022-10-06,247.93,250.34,246.08,246.79,246.097713378161,20239886,0.0,1.0
2022-10-05,245.99,250.58,244.1,249.2,248.500952930985,20347136,0.0,1.0
2022-10-04,245.09,250.36,244.975,248.88,248.181850583722,34888416,0.0,1.0
2022-10-03,235.41,241.61,234.66,240.74,240.064684625222,28880357,0.0,1.0
2022-09-30,238.29,240.54,232.73,232.9,232.246677117281,35694832,0.0,1.0
2022-09-29,238.89,239.95,234.41,237.5,236.833773359185,27484233,0.0,1.0
2022-09-28,236.81,242.33,234.73,241.07,240.393758920837,29029679,0.0,1.0
2022-09-27,239.98,241.8,234.5,236.41,235.746830988821,27018732,0.0,1.0
2022-09-26,237.045,241.45,236.9,237.45,236.783913617425,27694190,0.0,1.0
2022-09-23,239.54,241.13,235.2,237.92,237.252595189967,34176048,0.0,1.0
2022-09-22,237.8704,243.86,237.57,240.98,240.304011385669,30927092,0.0,1.0
2022-09-21,244.27,247.66,238.9,238.95,238.27970587022,28625557,0.0,1.0
2022-09-20,242.065,243.51,239.64,242.45,241.769887793408,26660299,0.0,1.0
2022-09-19,242.465,245.14,240.85,244.52,243.834081102265,26826931,0.0,1.0
2022-09-16,244.26,245.3,242.0627,244.74,244.053463966008,39791768,0.0,1.0
2022-09-15,249.77,251.4,244.02,245.38,244.691668660534,31530948,0.0,1.0
2022-09-14,253.53,254.23,249.86,252.22,251.512481333278,23912954,0.0,1.0
2022-09-13,258.84,260.4,251.59,251.99,251.283126521183,33353318,0.0,1.0
2022-09-12,265.78,267.45,265.16,266.65,265.902002805165,18747690,0.0,1.0
2022-09-09,260.5,265.23,260.29,264.46,263.718146116084,22093190,0.0,1.0
2022-09-08,257.51,260.43,254.79,258.52,257.794808795017,20319911,0.0,1.0
2022-09-07,254.7,258.83,253.22,258.09,257.366015015882,24126700,0.0,1.0
2022-09-06,256.2,257.83,251.94,253.25,252.539592013531,21283869,0.0,1.0
2022-09-02,261.695,264.74,254.47,256.06,255.341709500433,22855380,0.0,1.0
2022-09-01,258.87,260.89,255.41,260.4,259.669535085186,23263431,0.0,1.0
2022-08-31,265.39,267.11,261.33,261.47,260.736533558847,24791834,0.0,1.0
2022-08-30,266.67,267.05,260.66,262.97,262.232325811641,22767071,0.0,1.0
2022-08-29,265.85,267.4,263.85,265.23,264.485986139186,20121371,0.0,1.0
2022-08-26,279.08,280.34,267.98,268.09,267.337963367848,27549307,0.0,1.0
2022-08-25,277.33,279.02,274.52,278.85,278.067779794563,16583407,0.0,1.0
2022-08-24,275.41,277.23,275.11,275.79,275.016363598861,18137019,0.0,1.0
2022-08-23,276.44,278.86,275.4,276.44,275.664540241739,17527409,0.0,1.0
2022-08-22,282.08,282.46,277.22,277.75,276.970865475847,25061070,0.0,1.0
2022-08-19,288.9,289.25,285.56,286.15,285.347302091498,20570033,0.0,1.0
2022-08-18,290.189,291.91,289.08,290.17,289.356025328988,17186192,0.0,1.0
2022-08-17,289.74,293.35,289.47,291.32,290.502799389464,18253358,0.62,1.0
2022-08-16,291.99,294.04,290.42,292.71,291.26900873224,18102882,0.0,1.0
2022-08-15,291.0,294.18,290.11,293.47,292.02526730433,18085654,0.0,1.0
2022-08-12,288.48,291.91,286.94,291.91,290.472947077408,22619675,0.0,1.0
2022-08-11,290.85,291.21,286.51,287.02,285.607020212249,20065938,0.0,1.0
2022-08-10,288.17,289.81,286.94,289.16,287.736485138924,24687845,0.0,1.0
2022-08-09,279.64,283.08,277.61,282.3,280.910256448742,23405238,0.0,1.0
2022-08-08,284.05,285.92,279.32,280.32,278.940003853033,18757818,0.0,1.0
2022-08-05,279.15,283.65,278.68,282.91,281.517253460551,16774606,0.0,1.0
2022-08-04,281.8,283.8,280.1677,283.65,282.25361049127,18098668,0.0,1.0
2022-08-03,276.76,283.5,276.61,282.47,281.079419550394,23518874,0.0,1.0
2022-08-02,276.0,277.89,272.38,274.82,273.467079976065,22754184,0.0,1.0
2022-08-01,277.82,281.28,275.84,278.01,276.641375824707,21539580,0.0,1.0
2022-07-29,277.7,282.0,276.63,280.74,279.35793622182,32152752,0.0,1.0
2022-07-28,269.75,277.84,267.87,276.41,275.049252515043,33459327,0.0,1.0
2022-07-27,261.16,270.05,258.85,268.74,267.417011399344,45994049,0.0,1.0
2022-07-26,259.86,259.88,249.57,251.9,250.659913565137,39347957,0.0,1.0
2022-07-25,260.995,261.5,256.81,258.83,257.555797650116,21055998,0.0,1.0
2022-07-22,265.24,265.33,259.07,260.36,259.078265564982,21881290,0.0,1.0
2022-07-21,259.79,264.89,257.03,264.84,263.53621083204,22404675,0.0,1.0
2022-07-20,259.9,264.87,258.91,262.27,260.978862765893,22788282,0.0,1.0
2022-07-19,257.575,259.72,253.68,259.53,258.252351598094,25012562,0.0,1.0
2022-07-18,259.75,260.84,253.3,254.25,252.998344676205,20975034,0.0,1.0
2022-07-15,255.72,260.3699,254.7727,256.72,255.456185035498,29774050,0.0,1.0
2022-07-14,250.57,255.1374,245.94,254.08,252.829181574553,25102823,0.0,1.0
2022-07-13,250.19,253.55,248.11,252.72,251.475876761339,29497423,0.0,1.0
2022-07-12,265.88,265.94,252.04,253.67,252.421199976452,35868450,0.0,1.0
2022-07-11,265.65,266.53,262.18,264.51,263.207835399422,19519108,0.0,1.0
2022-07-08,264.79,268.1,263.285,267.66,266.342328165322,19658751,0.0,1.0
2022-07-07,265.12,269.055,265.02,268.4,267.078685196041,20859874,0.0,1.0
2022-07-06,263.75,267.99,262.4,266.21,264.899466415939,23824419,0.0,1.0
2022-07-05,256.16,262.98,254.74,262.85,261.556007465646,22971634,0.0,1.0
2022-07-01,256.39,259.77,254.61,259.58,258.302105451521,22837692,0.0,1.0
2022-06-30,257.05,259.53,252.9,256.83,255.565643513037,31730868,0.0,1.0
2022-06-29,257.59,261.97,255.76,260.26,258.978757858128,20069839,0.0,1.0
2022-06-28,263.98,266.91,256.32,256.48,255.217366539048,27380247,0.0,1.0
2022-06-27,268.205,268.3,263.28,264.89,263.585964685467,24615114,0.0,1.0
2022-06-24,261.808,267.98,261.72,267.7,266.382131248063,33923231,0.0,1.0
2022-06-23,255.57,259.37,253.63,258.86,257.585649962173,25861449,0.0,1.0
2022-06-22,251.89,257.17,250.37,253.13,251.88385835944,25961215,0.0,1.0
2022-06-21,250.255,254.75,249.51,253.74,252.49085537125,29928297,0.0,1.0
2022-06-17,244.7,250.5,244.03,247.65,246.430836023843,43084780,0.0,1.0
2022-06-16,245.98,247.4174,243.02,244.97,243.764029480157,33169160,0.0,1.0
2022-06-15,248.31,255.3,246.42,251.76,250.520602775541,33111729,0.0,1.0
2022-06-14,243.86,245.74,241.51,244.49,243.286392487258,28651487,0.0,1.0
2022-06-13,245.11,249.0242,241.53,242.26,241.067370624415,46135788,0.0,1.0
2022-06-10,260.58,260.58,252.53,252.99,251.744547569845,31445841,0.0,1.0
2022-06-09,267.78,272.7081,264.63,264.79,263.486456978613,26439728,0.0,1.0
2022-06-08,271.71,273.0,269.61,270.41,269.078790103806,17372341,0.0,1.0
2022-06-07,266.635,273.13,265.94,272.5,271.158501177053,22860677,0.0,1.0
2022-06-06,272.06,274.18,267.22,268.75,267.42696217003,22400342,0.0,1.0
2022-06-03,270.31,273.45,268.41,270.02,268.690710047075,28058958,0.0,1.0
2022-06-02,264.45,274.65,261.6,274.58,273.228261479616,44008209,0.0,1.0
2022-06-01,275.195,277.69,270.04,272.42,271.07889501157,25292174,0.0,1.0
2022-05-31,272.53,274.77,268.93,271.87,270.531602623873,37827695,0.0,1.0
2022-05-27,268.48,273.34,267.56,273.24,271.894858207773,26910806,0.0,1.0
2022-05-26,262.27,267.11,261.4294,265.9,264.590992524692,25002105,0.0,1.0
2022-05-25,258.14,264.58,257.125,262.52,261.227632033028,28547947,0.0,1.0
2022-05-24,257.89,261.33,253.5,259.62,258.341908534263,29043904,0.0,1.0
2022-05-23,255.49,261.5,253.43,260.65,259.366837914859,33175379,0.0,1.0
2022-05-20,257.24,258.54,246.44,252.56,251.316664430373,39199279,0.0,1.0
2022-05-19,253.9,257.67,251.88,253.14,251.893809130126,32692286,0.0,1.0
2022-05-18,263.0,263.6,252.77,254.08,252.829181574553,31355985,0.62,1.0
2022-05-17,266.11,268.33,262.46,266.82,264.860157941587,28828799,0.0,1.0
2022-05-16,259.955,265.82,255.78,261.5,259.579234321734,32550933,0.0,1.0
2022-05-13,257.35,263.04,255.35,261.12,259.202025491744,34925093,0.0,1.0
2022-05-12,257.69,259.88,250.02,255.35,253.474407204798,51033802,0.0,1.0
2022-05-11,265.68,271.36,259.3,260.55,258.63621224676,48975898,0.0,1.0
2022-05-10,271.69,273.75,265.07,269.5,267.520472847829,39336424,0.0,1.0
2022-05-09,270.06,272.36,263.32,264.58,262.636611154281,47725952,0.0,1.0
2022-05-06,274.805,279.25,271.27,274.73,272.712057534264,37780322,0.0,1.0
2022-05-05,285.54,286.35,274.34,277.35,275.31281315156,43260386,0.0,1.0
2022-05-04,282.59,290.88,276.73,289.98,287.850043474633,33463409,0.0,1.0
2022-05-03,283.96,284.13,280.15,281.78,279.710273985385,25978605,0.0,1.0
2022-05-02,277.71,284.94,276.22,284.47,282.380515439785,35151105,0.0,1.0
2022-04-29,288.61,289.88,276.5,277.52,275.481564470239,37073923,0.0,1.0
2022-04-28,285.185,290.98,281.4562,289.63,287.502614289116,33646570,0.0,1.0
2022-04-27,282.1,290.97,279.16,283.22,281.139696920082,63477694,0.0,1.0
2022-04-26,277.5,278.3599,270.0,270.22,268.235184315178,42047008,0.0,1.0
2022-04-25,273.29,281.11,270.77,280.72,278.658059880678,35678852,0.0,1.0
2022-04-22,281.68,283.2,273.38,274.03,272.01719916323,29405798,0.0,1.0
2022-04-21,288.58,293.3,280.06,280.81,278.747398814096,29454587,0.0,1.0
2022-04-20,289.4,289.7,285.3702,286.36,284.256633041575,22805341,0.0,1.0
2022-04-19,279.38,286.17,278.41,285.3,283.204418936867,22297720,0.0,1.0
2022-04-18,278.91,282.46,278.34,280.52,278.459528917525,20778000,0.0,1.0
2022-04-14,288.09,288.305,279.32,279.83,277.774597094649,28221607,0.0,1.0
2022-04-13,282.73,288.58,281.3,287.62,285.507378109435,21907176,0.0,1.0
2022-04-12,289.235,290.739,280.49,282.06,279.988217333798,30966721,0.0,1.0
2022-04-11,291.79,292.61,285.0,285.26,283.164712744236,34569264,0.0,1.0
2022-04-08,300.44,301.12,296.28,296.97,294.788700636808,24361917,0.0,1.0
2022-04-07,296.66,303.65,296.35,301.37,299.15638182616,31411155,0.0,1.0
2022-04-06,305.19,307.0,296.71,299.5,297.300117320686,40110372,0.0,1.0
2022-04-05,313.27,314.865,309.87,310.88,308.596529124056,22984881,0.0,1.0
2022-04-04,310.09,315.11,309.71,314.97,312.656487320522,24335868,0.0,1.0
2022-04-01,309.37,310.13,305.54,309.42,307.147253093044,27110529,0.0,1.0
2022-03-31,313.9,315.14,307.89,308.31,306.045406247548,33422070,0.0,1.0
2022-03-30,313.76,315.95,311.58,313.86,311.554640475026,28163555,0.0,1.0
2022-03-29,313.91,315.82,309.05,315.41,313.093255439457,30393403,0.0,1.0
2022-03-28,304.33,310.8,304.33,310.7,308.417851257219,29578188,0.0,1.0
2022-03-25,305.23,305.5,299.2855,303.68,301.44941445057,22443541,0.0,1.0
2022-03-24,299.14,304.2,298.315,304.1,301.86632947319,24484456,0.0,1.0
2022-03-23,300.51,303.23,297.7201,299.49,297.290190772528,25715377,0.0,1.0
2022-03-22,299.8,305.0,298.77,304.06,301.82662328056,27441386,0.0,1.0
2022-03-21,298.89,300.14,294.9,299.16,296.962614683327,28107855,0.0,1.0
2022-03-18,295.37,301.0,292.73,300.43,298.223286299344,42195837,0.0,1.0
2022-03-17,293.29,295.61,289.37,295.22,293.051554709225,30816633,0.0,1.0
2022-03-16,289.11,294.57,283.2,294.39,292.227651212143,37826329,0.0,1.0
2022-03-15,280.35,287.82,278.725,287.15,285.040830346026,34245085,0.0,1.0
2022-03-14,280.34,285.3992,275.82,276.44,274.409497269217,30660747,0.0,1.0
2022-03-11,287.96,289.51,279.43,280.07,278.012834250432,27209330,0.0,1.0
2022-03-10,283.02,286.6,280.58,285.59,283.492288833438,30628012,0.0,1.0
2022-03-09,283.44,289.6,280.78,288.5,286.380914347305,35204480,0.0,1.0
2022-03-08,277.8,283.96,270.0,275.85,273.823830927917,48159475,0.0,1.0
2022-03-07,288.53,289.69,278.53,278.91,276.861354664149,43157178,0.0,1.0
2022-03-04,294.29,295.66,287.165,289.86,287.730924896741,32369655,0.0,1.0
2022-03-03,302.89,303.13,294.05,295.92,293.746413080258,27314469,0.0,1.0
2022-03-02,295.36,301.47,293.698,300.19,297.985049143561,31873007,0.0,1.0
2022-03-01,296.4,299.97,292.15,294.95,292.783537908969,31217778,0.0,1.0
2022-02-28,294.31,299.14,293.0,298.79,296.595332401495,34627457,0.0,1.0
2022-02-25,295.14,297.63,291.655,297.31,295.126203274167,32546721,0.0,1.0
2022-02-24,272.51,295.16,271.52,294.59,292.426182175295,56989686,0.0,1.0
2022-02-23,290.18,291.7,280.1,280.27,278.211365213585,37811167,0.0,1.0
2022-02-22,285.0,291.54,284.5,287.72,285.606643591011,41569319,0.0,1.0
2022-02-18,293.05,293.86,286.305,287.93,285.815101102321,34264008,0.0,1.0
2022-02-17,296.36,296.8,290.0,290.73,288.594534586454,32461580,0.0,1.0
2022-02-16,298.365,300.87,293.68,299.5,297.300117320686,29982121,0.62,1.0
2022-02-15,300.008,300.8,297.02,300.47,297.646828772979,27379488,0.0,1.0
2022-02-14,293.77,296.76,291.35,295.0,292.228224075711,36359487,0.0,1.0
2022-02-11,303.19,304.29,294.22,295.04,292.267848241687,39175620,0.0,1.0
2022-02-10,304.04,309.12,300.7,302.38,299.538882698351,45386199,0.0,1.0
2022-02-09,309.865,311.93,307.39,311.21,308.285917337634,31284671,0.0,1.0
2022-02-08,301.25,305.561,299.95,304.56,301.698399744063,32421188,0.0,1.0
2022-02-07,306.17,307.84,299.9,300.95,298.122318764695,28533286,0.0,1.0
2022-02-04,300.21,308.8,299.97,305.94,303.065433470247,35096488,0.0,1.0
2022-02-03,309.49,311.23,299.96,301.25,298.419500009518,43729972,0.0,1.0
2022-02-02,309.63,315.12,308.88,313.46,310.514776673804,36635989,0.0,1.0
2022-02-01,310.41,310.63,305.1293,308.76,305.858937171581,40950396,0.0,1.0
2022-01-31,308.95,312.38,306.37,310.98,308.05807838327,46444536,0.0,1.0
2022-01-28,300.23,308.48,294.45,308.26,305.363635096877,49743698,0.0,1.0
2022-01-27,302.66,307.3,297.93,299.84,297.022748158851,53481317,0.0,1.0
2022-01-26,307.985,308.5,293.03,296.71,293.9221571712,90428853,0.0,1.0
2022-01-25,291.52,294.99,285.17,288.49,285.779391063057,72848638,0.0,1.0
2022-01-24,292.2,297.11,276.05,296.37,293.585351760401,86035393,0.0,1.0
2022-01-21,302.685,304.11,295.61,296.03,293.248546349602,57984403,0.0,1.0
2022-01-20,309.07,311.6494,301.14,301.6,298.766211461811,35380675,0.0,1.0
2022-01-19,306.29,313.9093,302.7,303.33,300.479956640289,45485618,0.0,1.0
2022-01-18,304.07,309.8,301.74,302.65,299.806345818691,41717982,0.0,1.0
2022-01-14,304.25,310.82,303.75,310.2,307.28540714673,39846414,0.0,1.0
2022-01-13,320.4658,320.88,304.0,304.8,301.936144739921,45365979,0.0,1.0
2022-01-12,319.67,323.41,317.08,318.27,315.279582632463,34372217,0.0,1.0
2022-01-11,313.38,316.61,309.89,314.98,312.020494980906,29267314,0.0,1.0
2022-01-10,309.485,314.72,304.69,314.27,311.317166034826,44289467,0.0,1.0
2022-01-07,314.15,316.5,310.09,314.04,311.089327080462,32720018,0.0,1.0
2022-01-06,313.15,318.7,311.49,313.88,310.930830416556,39646148,0.0,1.0
2022-01-05,325.86,326.07,315.98,316.38,313.407340790079,40054327,0.0,1.0
2022-01-04,334.83,335.2,326.12,329.01,325.918671197117,32674306,0.0,1.0
2022-01-03,335.35,338.0,329.78,334.75,331.604739014726,28918013,0.0,1.0
2021-12-31,338.51,339.355,335.85,336.32,333.159987529298,17772880,0.0,1.0
2021-12-30,341.91,343.13,338.82,339.32,336.131799977526,15994471,0.0,1.0
2021-12-29,341.3,344.3,339.68,341.95,338.737088890472,15041956,0.0,1.0
2021-12-28,343.15,343.81,340.32,341.25,338.043665985886,15661467,0.0,1.0
2021-12-27,335.46,342.48,335.43,342.45,339.232390965177,19947029,0.0,1.0
2021-12-23,332.75,336.39,332.73,334.69,331.545302765761,19617848,0.0,1.0
2021-12-22,328.3,333.605,325.75,333.2,330.069302583142,24831493,0.0,1.0
2021-12-21,323.29,327.73,319.8,327.29,324.214832060133,24740597,0.0,1.0
2021-12-20,320.05,322.8,317.57,319.91,316.904173437494,28326532,0.0,1.0
2021-12-17,320.88,324.92,317.25,323.8,320.757623578695,47983713,0.0,1.0
2021-12-16,335.71,336.76,323.02,324.9,321.847288143045,35034831,0.0,1.0
2021-12-15,328.61,335.19,324.5,334.65,331.505678599785,35381122,0.0,1.0
2021-12-14,333.22,334.64,324.11,328.34,325.254966417013,44438699,0.0,1.0
2021-12-13,340.68,343.79,339.08,339.4,336.211048309479,28899431,0.0,1.0
2021-12-10,334.98,343.0,334.79,342.54,339.321545338624,38095694,0.0,1.0
2021-12-09,334.41,336.489,332.12,333.1,329.970242168201,22214158,0.0,1.0
2021-12-08,335.31,335.5,330.8,334.97,331.822671927596,24760988,0.0,1.0
2021-12-07,331.64,335.8,330.1,334.92,331.773141720126,31021936,0.0,1.0
2021-12-06,323.95,327.45,319.23,326.19,323.125167495783,30032556,0.0,1.0
2021-12-03,331.99,332.7,318.03,323.01,319.975046300662,41779279,0.0,1.0
2021-12-02,330.3,333.49,327.8028,329.49,326.394161188834,30765980,0.0,1.0
2021-12-01,335.13,339.28,329.39,330.08,326.978617636985,33401146,0.0,1.0
2021-11-30,335.32,337.78,328.99,330.59,327.483825753184,42885609,0.0,1.0
2021-11-29,334.94,339.03,334.74,336.63,333.467074815615,28563481,0.0,1.0
2021-11-26,334.35,337.93,328.12,329.68,326.582375977221,24217242,0.0,1.0
2021-11-24,336.28,338.16,333.911,337.91,334.735048126859,21661307,0.0,1.0
2021-11-23,337.05,339.45,333.56,337.68,334.507209172495,30427563,0.0,1.0
2021-11-22,344.62,349.67,339.55,339.83,336.637008093725,31031113,0.0,1.0
2021-11-19,342.64,345.1,342.2,343.11,339.886189703787,21963403,0.0,1.0
2021-11-18,338.18,342.45,337.12,341.27,338.063478068874,22463533,0.0,1.0
2021-11-17,338.94,342.19,338.0,339.12,335.933679147644,19053380,0.62,1.0
2021-11-16,335.68,340.67,335.51,339.51,335.706255982271,20886832,0.0,1.0
2021-11-15,337.54,337.88,334.034,336.07,332.304796465382,16723009,0.0,1.0
2021-11-12,333.92,337.23,333.79,336.72,332.947514106654,23484434,0.0,1.0
2021-11-11,331.25,333.7746,330.51,332.43,328.705577674255,16849844,0.0,1.0
2021-11-10,334.57,334.6303,329.92,330.8,327.093839589217,25500938,0.0,1.0
2021-11-09,337.1071,338.72,334.53,335.95,332.186140900839,19890003,0.0,1.0
2021-11-08,337.3,337.65,334.44,336.99,333.214489126875,20897001,0.0,1.0
2021-11-05,338.51,338.79,334.4217,336.06,332.29490850167,22570098,0.0,1.0
2021-11-04,332.89,336.54,329.51,336.44,332.670651122721,23992202,0.0,1.0
2021-11-03,333.9,334.9,330.65,334.0,330.257987977021,21500082,0.0,1.0
2021-11-02,330.31,333.45,330.0,333.13,329.397735134087,25719044,0.0,1.0
2021-11-01,331.355,331.49,326.37,329.37,325.679860778417,26840400,0.0,1.0
2021-10-29,324.13,332.0,323.9,331.62,327.904652613592,34765982,0.0,1.0
2021-10-28,324.325,324.87,321.3601,324.35,320.71610299505,26297943,0.0,1.0
2021-10-27,316.0,326.0973,316.0,323.17,319.549323277048,52588690,0.0,1.0
2021-10-26,311.0,312.395,308.5967,310.11,306.635642669323,28107349,0.0,1.0
2021-10-25,309.36,309.4,306.46,308.13,304.67782585437,17554469,0.0,1.0
2021-10-22,310.4,311.09,307.8,309.16,305.696286116694,17449332,0.0,1.0
2021-10-21,307.1702,311.02,306.36,310.76,307.278360310596,16918100,0.0,1.0
2021-10-20,309.21,309.7,306.11,307.41,303.965892467114,16537069,0.0,1.0
2021-10-19,308.348,309.3,307.22,308.23,304.776705491489,17682139,0.0,1.0
2021-10-18,303.57,308.21,302.69,307.29,303.847236902571,22729297,0.0,1.0
2021-10-15,302.34,304.45,300.5191,304.21,300.80174407931,25384803,0.0,1.0
2021-10-14,299.21,303.27,297.83,302.75,299.358101377375,27262902,0.0,1.0
2021-10-13,294.91,297.28,293.49,296.31,292.99025274692,23424025,0.0,1.0
2021-10-12,295.34,295.44,292.35,292.88,289.598681193742,17974143,0.0,1.0
2021-10-11,292.92,297.97,292.745,294.23,290.933556294847,19298634,0.0,1.0
2021-10-08,296.219,296.6409,293.76,294.85,291.546610044984,17685700,0.0,1.0
2021-10-07,295.175,296.64,293.92,294.85,291.546610044984,20430471,0.0,1.0
2021-10-06,285.78,293.63,285.5093,293.11,289.826104359116,28002559,0.0,1.0
2021-10-05,284.0464,290.398,284.0464,288.76,285.524840144445,24993024,0.0,1.0
2021-10-04,287.4,287.75,280.25,283.11,279.938140647229,31350747,0.0,1.0
2021-10-01,282.1217,289.98,281.29,289.1,285.861030910649,30086280,0.0,1.0
2021-09-30,285.71,287.83,281.62,281.92,278.761472965514,32343635,0.0,1.0
2021-09-29,285.1,286.77,283.01,284.0,280.818169417587,26353696,0.0,1.0
2021-09-28,289.795,290.78,282.75,283.52,280.343547159416,43186237,0.0,1.0
2021-09-27,296.14,296.47,292.9449,294.17,290.874228512576,23571742,0.0,1.0
2021-09-24,298.23,299.8,296.93,299.35,295.996193715333,14998978,0.0,1.0
2021-09-23,298.845,300.9,297.5339,299.56,296.203840953283,18604601,0.0,1.0
2021-09-22,296.725,300.22,294.51,298.58,295.234820509518,26626342,0.0,1.0
2021-09-21,295.69,297.54,294.07,294.8,291.497170226425,22364103,0.0,1.0
2021-09-20,296.33,298.72,289.52,294.3,291.00277204083,38278661,0.0,1.0
2021-09-17,304.17,304.5,299.53,299.87,296.510367828351,41372457,0.0,1.0
2021-09-16,303.76,305.31,300.76,305.22,301.800428414211,19550815,0.0,1.0
2021-09-15,303.26,305.32,301.82,304.82,301.404909865735,28356304,0.0,1.0
2021-09-14,299.56,301.39,298.1,299.79,296.431264118656,21853433,0.0,1.0
2021-09-13,297.55,298.54,294.08,296.99,293.662634279328,23652949,0.0,1.0
2021-09-10,298.415,299.92,295.38,295.71,292.396974924206,19633363,0.0,1.0
2021-09-09,300.82,302.14,297.0,297.25,293.919721335837,19927000,0.0,1.0
2021-09-08,299.78,300.61,297.4651,300.21,296.846558594555,15046819,0.0,1.0
2021-09-07,301.005,301.09,298.2,300.18,296.81689470342,17184083,0.0,1.0
2021-09-03,300.99,302.6,300.26,301.14,297.766139219761,14751610,0.0,1.0
2021-09-02,302.2,303.3602,300.18,301.15,297.776027183473,16290545,0.0,1.0
2021-09-01,302.865,305.19,301.49,301.83,298.448408715881,18983826,0.0,1.0
2021-08-31,304.42,304.5,301.5,301.88,298.49784853444,26285338,0.0,1.0
2021-08-30,301.115,304.22,301.06,303.59,300.188690329173,16348072,0.0,1.0
2021-08-27,298.987,300.87,296.83,299.72,296.362048372673,22605726,0.0,1.0
2021-08-26,300.99,302.429,298.95,299.09,295.739106658824,17666084,0.0,1.0
2021-08-25,304.3,304.59,300.42,302.01,298.626392062695,20006057,0.0,1.0
2021-08-24,305.02,305.65,302.0035,302.62,299.22955784912,18175774,0.0,1.0
2021-08-23,303.245,305.4,301.85,304.65,301.236814482633,22830157,0.0,1.0
2021-08-20,299.72,305.84,298.06,304.36,300.950063534988,40817646,0.0,1.0
2021-08-19,288.6935,297.47,288.64,296.77,293.445099077666,29850461,0.0,1.0
2021-08-18,292.04,294.82,290.27,290.73,287.472768995687,21812985,0.56,1.0
2021-08-17,292.39,293.43,291.08,293.08,289.239311810415,20075250,0.0,1.0
2021-08-16,293.19,294.82,290.02,294.6,290.739392859794,22516027,0.0,1.0
2021-08-13,289.48,292.9,289.3,292.85,289.012325862154,17283015,0.0,1.0
2021-08-12,286.63,289.97,286.34,289.81,286.012163763397,14570391,0.0,1.0
2021-08-11,287.21,288.66,285.86,286.95,283.18964284154,13955934,0.0,1.0
2021-08-10,288.8,289.25,285.2,286.44,282.686326173657,18616578,0.0,1.0
2021-08-09,289.75,291.55,287.81,288.33,284.551558531108,16117629,0.0,1.0
2021-08-06,288.505,289.5,287.6238,289.46,285.666750363869,16589336,0.0,1.0
2021-08-05,286.88,289.63,286.1,289.52,285.725964089503,13900167,0.0,1.0
2021-08-04,286.22,287.5883,284.65,286.51,282.755408853562,16191301,0.0,1.0
2021-08-03,285.42,287.23,284.0,287.12,283.357415064168,17879048,0.0,1.0
2021-08-02,286.36,286.775,283.74,284.82,281.087555581556,16267357,0.0,1.0
2021-07-30,285.17,286.66,283.91,284.91,281.176376170006,20944846,0.0,1.0
2021-07-29,286.235,288.618,286.08,286.5,282.74553989929,17782235,0.0,1.0
2021-07-28,288.99,290.15,283.8303,286.22,282.469209179668,33566853,0.0,1.0
2021-07-27,289.43,289.575,282.95,286.54,282.785015716379,33604073,0.0,1.0
2021-07-26,289.0,289.69,286.642,289.05,285.262123238708,23176073,0.0,1.0
2021-07-23,287.37,289.99,286.5,289.67,285.873998403586,22768071,0.0,1.0
2021-07-22,283.84,286.42,283.42,286.14,282.39025754549,23384059,0.0,1.0
2021-07-21,278.905,281.52,277.29,281.4,277.712373220455,24364320,0.0,1.0
2021-07-20,278.03,280.97,276.26,279.32,275.659630731831,26259741,0.0,1.0
2021-07-19,278.9335,280.37,274.45,277.01,273.379902294947,32935634,0.0,1.0
2021-07-16,282.07,284.1,279.46,280.75,277.07089119276,26186848,0.0,1.0
2021-07-15,282.0,282.51,279.83,281.03,277.347221912382,22604227,0.0,1.0
2021-07-14,282.345,283.66,280.55,282.51,278.807827144672,23113662,0.0,1.0
2021-07-13,277.52,282.8477,277.39,280.98,277.297877141021,26120128,0.0,1.0
2021-07-12,279.157,279.77,276.58,277.32,273.685839877386,18931695,0.0,1.0
2021-07-09,275.72,278.05,275.32,277.94,274.297715042264,23916665,0.0,1.0
2021-07-08,276.9,278.73,274.87,277.42,273.784529420108,24618591,0.0,1.0
2021-07-07,279.4,280.6945,277.15,279.93,276.261636942437,23260031,0.0,1.0
2021-07-06,278.03,279.3698,274.3,277.66,274.021384322642,31565560,0.0,1.0
2021-07-02,272.82,278.0,272.5,277.65,274.01151536837,26474408,0.0,1.0
2021-07-01,269.61,271.84,269.6,271.6,268.040798033673,16725323,0.0,1.0
2021-06-30,270.69,271.3598,269.6043,270.9,267.349971234617,21656457,0.0,1.0
2021-06-29,268.865,271.65,267.98,271.4,267.843418948228,19937811,0.0,1.0
2021-06-28,266.185,268.9,265.91,268.72,265.198539203271,19590024,0.0,1.0
2021-06-25,266.23,267.25,264.76,265.02,261.547026122548,25611113,0.0,1.0
2021-06-24,266.16,267.85,265.47,266.69,263.195141486009,21446867,0.0,1.0
2021-06-23,265.99,266.83,264.43,265.275,261.798684456489,19518681,0.0,1.0
2021-06-22,262.72,265.79,262.4,265.51,262.030604881887,24694090,0.0,1.0
2021-06-21,259.82,263.52,257.92,262.63,259.188346051485,26696119,0.0,1.0
2021-06-18,259.63,262.3,258.75,259.43,256.030280684373,37202217,0.0,1.0
2021-06-17,256.065,261.75,256.01,260.9,257.48101696239,27565537,0.0,1.0
2021-06-16,259.4,260.58,254.42,257.38,254.007145058566,27036535,0.0,1.0
2021-06-15,259.775,259.99,257.68,258.36,254.974302577245,18038931,0.0,1.0
2021-06-14,257.9,259.95,256.8,259.89,256.484252580895,19150507,0.0,1.0
2021-06-11,257.985,258.4868,256.61,257.89,254.51046172645,18999731,0.0,1.0
2021-06-10,254.29,257.46,253.67,257.24,253.868979698755,24563619,0.0,1.0
2021-06-09,253.81,255.53,253.21,253.59,250.266811389393,17937634,0.0,1.0
2021-06-08,255.16,256.01,252.51,252.57,249.260178053626,22454998,0.0,1.0
2021-06-07,249.98,254.09,249.81,253.81,250.483928383382,23079167,0.0,1.0
2021-06-04,247.76,251.65,247.51,250.79,247.503504193169,25281094,0.0,1.0
2021-06-03,245.22,246.34,243.0,245.71,242.490075422878,25307711,0.0,1.0
2021-06-02,248.125,249.27,245.84,247.3,244.059239152162,19406705,0.0,1.0
2021-06-01,251.23,251.29,246.96,247.4,244.157928694884,23213310,0.0,1.0
2021-05-28,250.995,252.08,249.56,249.68,246.408050268952,18274942,0.0,1.0
2021-05-27,251.17,251.48,249.25,249.31,246.04289896088,24426244,0.0,1.0
2021-05-26,251.43,252.94,250.75,251.49,248.194330992225,17771600,0.0,1.0
2021-05-25,251.769,252.75,250.82,251.72,248.421316940486,17704303,0.0,1.0
2021-05-24,247.785,251.16,247.51,250.78,247.493635238897,21411547,0.0,1.0
2021-05-21,247.565,248.33,244.74,245.17,241.957151892178,21863058,0.0,1.0
2021-05-20,243.96,247.95,243.86,246.48,243.24998490184,21800716,0.0,1.0
2021-05-19,239.31,243.23,238.6,243.12,239.934016266371,25739807,0.56,1.0
2021-05-18,246.27,246.41,242.9,243.08,239.343239798217,20167975,0.0,1.0
2021-05-17,246.55,246.59,243.52,245.18,241.410957436757,24970168,0.0,1.0
2021-05-14,245.575,249.18,245.49,248.15,244.335300954121,23901081,0.0,1.0
2021-05-13,241.8,245.6,241.42,243.03,239.294008425871,29624298,0.0,1.0
2021-05-12,242.165,244.38,238.07,239.0,235.325959814769,36684370,0.0,1.0
2021-05-11,244.55,246.6,242.57,246.23,242.444816256027,33641589,0.0,1.0
2021-05-10,250.87,251.73,247.12,247.18,243.380212330605,29299890,0.0,1.0
2021-05-07,252.15,254.3,251.17,252.46,248.579045250362,27032912,0.0,1.0
2021-05-06,246.45,249.86,244.69,249.73,245.89101232026,26491085,0.0,1.0
2021-05-05,249.06,249.5,245.82,246.47,242.681126843289,21901325,0.0,1.0
2021-05-04,250.97,251.21,245.76,247.79,243.980835073228,32756052,0.0,1.0
2021-05-03,253.4,254.35,251.12,251.86,247.988268782208,19626568,0.0,1.0
2021-04-30,249.74,253.08,249.6,252.18,248.303349565223,30945098,0.0,1.0
2021-04-29,255.46,256.1,249.0,252.51,248.628276622708,40589023,0.0,1.0
2021-04-28,256.078,256.5399,252.95,254.56,250.646762888902,46903119,0.0,1.0
2021-04-27,261.585,263.19,260.12,261.97,257.942852270606,31014213,0.0,1.0
2021-04-26,261.66,262.435,260.17,261.55,257.529308742898,19763346,0.0,1.0
2021-04-23,257.88,261.51,257.27,261.15,257.135457764129,21499286,0.0,1.0
2021-04-22,260.21,261.78,255.64,257.17,253.216640525372,25606152,0.0,1.0
2021-04-21,258.94,260.68,257.25,260.58,256.574220119382,24030383,0.0,1.0
2021-04-20,257.82,260.2,256.84,258.26,254.289884442519,19722875,0.0,1.0
2021-04-19,260.19,261.48,257.821,258.74,254.762505617043,23209260,0.0,1.0
2021-04-16,259.47,261.0,257.6014,260.74,256.73176051089,24878582,0.0,1.0
2021-04-15,257.931,259.93,257.73,259.5,255.510822476705,25627481,0.0,1.0
2021-04-14,257.475,258.83,255.16,255.59,251.660929159233,23070938,0.0,1.0
2021-04-13,257.2573,259.19,256.83,258.49,254.516348755312,23837469,0.0,1.0
2021-04-12,254.71,257.67,254.62,255.91,251.976009942249,27148668,0.0,1.0
2021-04-09,252.87,255.99,252.44,255.85,251.916932295433,24326833,0.0,1.0
2021-04-08,252.77,254.139,252.0,253.25,249.356900933431,23625197,0.0,1.0
2021-04-07,247.81,250.93,247.19,249.9,246.058398986237,22719835,0.0,1.0
2021-04-06,247.61,249.4,246.88,247.86,244.049758994513,22931923,0.0,1.0
2021-04-05,242.76,249.96,242.7,249.07,245.24115820529,36910609,0.0,1.0
2021-04-01,238.47,242.84,238.0501,242.35,238.624461761963,30337982,0.0,1.0
2021-03-31,232.91,239.1,232.39,235.77,232.145613161205,43623471,0.0,1.0
2021-03-30,233.525,233.85,231.1,231.85,228.285873569264,24792012,0.0,1.0
2021-03-29,236.59,236.8,231.88,235.24,231.623760614335,25227455,0.0,1.0
2021-03-26,231.55,236.71,231.55,236.48,232.844698648521,25479853,0.0,1.0
2021-03-25,235.3,236.94,231.57,232.34,228.768341018257,34061853,0.0,1.0
2021-03-24,237.845,238.0,235.32,235.46,231.840378652659,25620127,0.0,1.0
2021-03-23,237.485,241.05,237.07,237.58,233.927788840137,31638376,0.0,1.0
2021-03-22,230.27,236.9,230.14,235.99,232.362231199528,30127005,0.0,1.0
2021-03-19,231.02,232.474,229.3496,230.35,226.808932398878,46430730,0.0,1.0
2021-03-18,232.56,234.19,230.33,230.72,227.17324455424,34852251,0.0,1.0
2021-03-17,236.15,238.55,233.23,237.04,233.396090018798,29562100,0.0,1.0
2021-03-16,236.28,240.055,235.94,237.71,234.055790408237,28092196,0.0,1.0
2021-03-15,234.96,235.185,231.81,234.81,231.200370812158,26042669,0.0,1.0
2021-03-12,234.01,235.82,233.23,235.75,232.125920612266,22653662,0.0,1.0
2021-03-11,234.96,239.17,234.31,237.13,233.484706489021,29907586,0.0,1.0
2021-03-10,237.0,237.0,232.04,232.42,228.84711121401,29746812,0.0,1.0
2021-03-09,232.88,235.3839,231.67,233.78,230.186204541827,33080531,0.0,1.0
2021-03-08,231.37,233.365,227.13,227.39,223.894435155984,35267440,0.0,1.0
2021-03-05,229.5165,233.27,226.46,231.6,228.039716707533,41872770,0.0,1.0
2021-03-04,226.735,232.49,224.26,226.73,223.244581041014,44727785,0.0,1.0
2021-03-03,232.155,233.5799,227.26,227.56,224.061821821961,34029526,0.0,1.0
2021-03-02,237.01,237.3,233.45,233.87,230.27482101205,22812459,0.0,1.0
2021-03-01,235.9,237.47,233.15,236.94,233.297627274106,25332837,0.0,1.0
2021-02-26,231.525,235.37,229.54,232.38,228.807726116133,37545055,0.0,1.0
2021-02-25,232.08,234.5852,227.88,228.99,225.469839071062,39118089,0.0,1.0
2021-02-24,230.01,235.2,229.0,234.55,230.944367675958,26339746,0.0,1.0
2021-02-23,230.325,234.83,228.73,233.27,229.684044543896,30228704,0.0,1.0
2021-02-22,237.42,237.93,232.4,234.51,230.904982578081,36182764,0.0,1.0
2021-02-19,243.75,243.86,240.18,240.97,237.265675885208,25262600,0.0,1.0
2021-02-18,241.8,243.93,240.86,243.79,240.042325285533,16925563,0.0,1.0
2021-02-17,241.32,244.31,240.94,244.2,240.446022538772,21451617,0.56,1.0
2021-02-16,245.03,246.13,242.92,243.7,239.404705395893,26728487,0.0,1.0
2021-02-12,243.9332,245.3,242.73,244.99,240.671968711283,16561079,0.0,1.0
2021-02-11,244.78,245.15,242.15,244.49,240.180781379737,15751059,0.0,1.0
2021-02-10,245.0,245.92,240.89,242.82,238.54021569237,22117240,0.0,1.0
2021-02-09,241.87,244.76,241.38,243.77,239.473471622309,23471475,0.0,1.0
